1007293,Aberdeen
9046834,Aberdeen
9046835,Aberdeen
9046831,Aberdeen
9046836,Aberdeen
9180596,Aberdeen
9046837,Aberdeen
9180597,Aberdeen
9046832,Aberdeen
9046833,Aberdeen
1007407,Abergavenny
9180602,Aberlour
1007408,Aberystwyth
1006457,Abingdon
9046843,Aboyne
1006458,Accrington
9046601,Accrington
1006459,Acle
1006460,Addlestone
1006461,Alcester
9045549,Alcester
9045551,Alcester
1006462,Alconbury
1006463,Aldbourne
1006464,"Alderley Edge"
1006465,Aldermaston
1006466,Aldershot
1007294,Alexandria
9180599,Alford
1006467,Alfreton
1007295,Alloa
1006468,Almondsbury
1007296,Alness
1006469,Alnwick
1006470,Alresford
1006471,Alrewas
1006472,Alton
1006473,Altrincham
1006474,Amersham
9046062,Amersham
9046064,Amersham
1006475,Ampthill
1006476,Andover
1007297,Annan
1007270,Antrim
1006477,"Appley Bridge"
1007298,Arbroath
1007271,Ardglass
1006478,Arundel
9045823,Arundel
1006479,Ascot
1006480,"Ash Vale"
1006481,Ashbourne
1006482,"Ashby de la Zouch"
1006483,Ashford
9050358,Ashford
1006484,Ashington
1006485,Aston
1006486,Atherton
1006487,Attleborough
1006488,Aveley
1007299,Avoch
1006489,Avon
9045655,Axbridge
1006490,Aylesbury
9046065,Aylesbury
9046061,Aylesbury
9046141,Aylesbury
9046140,Aylesbury
9046059,Aylesbury
1007300,Ayr
1006491,Bagshot
1006492,Bakewell
1006493,Baldock
9046851,Ballater
9180601,Ballindalloch
1007272,Banbridge
1006494,Banbury
9046840,Banchory
9180603,Banff
1007273,Bangor
1007409,Bangor
1006495,Banstead
9180613,Banwell
9072501,Barnes
9046589,Barnoldswick
1006496,Barnsley
1006497,Barnstaple
1007301,Barrhead
1006498,Barrow-In-Furness
1007410,Barry
1006499,Barton
1006500,Basildon
1006501,Basingstoke
1006502,Bath
9045608,Bath
9045612,Bath
1006503,Batley
1006504,Beaconsfield
1006505,Beaminster
1007023,Bebington
9045873,Beckenham
1006506,Bedford
9041097,Bedfordshire
1006507,Beeston
1007274,Belfast
9045204,Belfast
9045200,Belfast
9045202,Belfast
9045201,Belfast
9045203,Belfast
9045213,Belfast
9045198,Belfast
9045211,Belfast
9045217,Belfast
9045218,Belfast
9180616,Belfast
9045212,Belfast
9045214,Belfast
9045190,Belfast
9045196,Belfast
9045197,Belfast
9045195,Belfast
9045183,Belfast
9045210,Belfast
9045215,Belfast
9045189,Belfast
9045216,Belfast
9045188,Belfast
9045176,Belfast
9045223,Belfast
9045221,Belfast
9045220,Belfast
9045222,Belfast
9045209,Belfast
9045219,Belfast
9045182,Belfast
9045180,Belfast
9045181,Belfast
9045177,Belfast
9045179,Belfast
9045178,Belfast
9045169,Belfast
9045170,Belfast
9045171,Belfast
9045208,Belfast
9045174,Belfast
9045175,Belfast
9045172,Belfast
9045173,Belfast
9045207,Belfast
9045187,Belfast
9045186,Belfast
9045193,Belfast
9045192,Belfast
9045191,Belfast
9045194,Belfast
9045206,Belfast
9045165,Belfast
9045185,Belfast
9045167,Belfast
9045164,Belfast
9045166,Belfast
9045205,Belfast
9045184,Belfast
9045168,Belfast
9045199,Belfast
9045163,Belfast
9072498,Belgravia
1006508,Bellingdon
1007302,Bellshill
1006510,Belper
1006797,Bentham
1006511,Berkeley
1006512,Berkhamsted
9046044,Berkhamsted
9041092,Berkshire
9180788,Berriedale
1006513,Berwick
1006514,Beverley
1006515,Bicester
1006516,Bideford
1007303,Biggar
1006517,Biggleswade
1006518,Billericay
1006519,Billingham
1006520,Billingshurst
1006521,Binfield
9046697,Bingley
1006522,Birchwood
1006523,Birkenhead
1006524,Birmingham
9045542,Birmingham
9045533,Birmingham
9045532,Birmingham
9045537,Birmingham
9045530,Birmingham
9045528,Birmingham
9045540,Birmingham
9045541,Birmingham
9045469,Birmingham
9045544,Birmingham
9045543,Birmingham
9045497,Birmingham
9045496,Birmingham
9045503,Birmingham
9045504,Birmingham
9180605,Birmingham
9045518,Birmingham
9045531,Birmingham
9045529,Birmingham
9045466,Birmingham
9045538,Birmingham
9045465,Birmingham
9045461,Birmingham
9045517,Birmingham
9180606,Birmingham
9045507,Birmingham
9045516,Birmingham
9045545,Birmingham
9045498,Birmingham
9045495,Birmingham
9045499,Birmingham
9045462,Birmingham
9045514,Birmingham
9045527,Birmingham
9045464,Birmingham
9045539,Birmingham
9045500,Birmingham
9045536,Birmingham
9045535,Birmingham
9045534,Birmingham
1006525,Birstall
1006526,"Bishop Auckland"
1006527,"Bishops Cleeve"
1006528,"Bishop'S Stortford"
1006529,"Blaby District"
1006530,Blackburn
9046585,Blackburn
9046584,Blackburn
9046602,Blackburn
1006531,Blackheath
1006532,Blackpool
9046576,Blackpool
9046575,Blackpool
9046572,Blackpool
9046571,Blackpool
9046574,Blackpool
9046573,Blackpool
9046577,Blackpool
9046570,Blackpool
1007432,"Blaenau Gwent"
1006533,"Blandford Forum"
1007304,Blantyre
1006534,Bletchley
1006535,Bloxham
1006536,Blunham
1007411,Bodelwyddan
1006537,Bodmin
1006538,"Bognor Regis"
1006539,Bolton
9046523,Bolton
9046606,Bolton
9046521,Bolton
9046610,Bolton
9046517,Bolton
9046522,Bolton
9074848,Bolton
1007305,Bo'Ness
1006540,Boothstown
1006541,Bootle
1006542,Borehamwood
1006543,Boston
1006544,Bottisham
1006545,Boughton
1006546,Bourne
1006547,"Bourne End"
1006548,Bournemouth
9045712,Bournemouth
9045719,Bournemouth
9045718,Bournemouth
9045721,Bournemouth
9045720,Bournemouth
9045711,Bournemouth
9045710,Bournemouth
9045709,Bournemouth
9045708,Bournemouth
1006549,Bourton
1006550,Bowthorpe
1006551,Brackley
1006552,Bracknell
1006553,Bradford
9046687,Bradford
9046691,Bradford
9046329,Bradford
9046683,Bradford
9046700,Bradford
9180609,Bradford
9046699,Bradford
9046690,Bradford
9046685,Bradford
9046328,Bradford
9046686,Bradford
9046684,Bradford
9046688,Bradford
9046689,Bradford
9046692,Bradford
1006554,Bradford-On-Avon
9045611,Bradford-On-Avon
1006555,Braintree
1006556,Bramham
1006557,Brampton
1006558,Brasted
1007412,Brecon
1006559,Bredbury
1006560,Brentford
1006561,Brentwood
1007306,"Bridge Of Weir"
1007413,Bridgend
1006562,Bridgnorth
1006563,Bridgwater
9181180,Bridlington
1006564,"Brierley Hill"
1006565,Brighton
9045805,Brighton
9045807,Brighton
9045811,Brighton
9045812,Brighton
9180611,Brighton
1006566,Brill
1006567,Bristol
9045628,Bristol
9045637,Bristol
9045626,Bristol
9045621,Bristol
9045618,Bristol
9045616,Bristol
9045615,Bristol
9045629,Bristol
9045625,Bristol
9045656,Bristol
9045657,Bristol
9045654,Bristol
9045623,Bristol
9045613,Bristol
9045614,Bristol
9045634,Bristol
9045633,Bristol
9045636,Bristol
9045635,Bristol
9045640,Bristol
9045617,Bristol
9045622,Bristol
9045619,Bristol
9180614,Bristol
9045620,Bristol
9180615,Bristol
9045632,Bristol
9045630,Bristol
9045631,Bristol
9045624,Bristol
9045627,Bristol
9041109,"Bristol City"
1006568,"Broadbridge Heath"
1006569,Broadstairs
9045722,Broadstone
1006570,Broadway
1006571,Brockenhurst
1007307,Brodick
1006572,Bromborough
9045463,Bromley
9045459,Bromley
9044976,Bromley
9044978,Bromley
1006573,Bromsgrove
9045424,Bromyard
1006574,"Brookmans Park"
9180790,Brora
1006575,Broseley
1006576,Brough
1006577,Broxbourne
1006578,Bruton
9045674,Bruton
9045675,Bruton
9046847,Buckie
1006579,Buckingham
9041098,Buckinghamshire
1007308,Bucksburn
1006580,Bude
1006581,Buntingford
1006582,Burford
1006583,"Burgess Hill"
1006584,Burnham
1006585,Burnley
9046595,Burnley
9046600,Burnley
9046594,Burnley
1006586,Burton
1006587,Burtonwood
1006588,Bury
9046603,Bury
9046604,Bury
9046605,Bury
1006589,Bury
1006590,Bushey
1006591,Buxton
1006592,Byfleet
1006593,Caddington
1007414,Caernarfon
1007415,Caerphilly
1006594,Callington
1006595,Calne
1006596,Camberley
9072496,Camberwell
1006597,Camborne
9050359,Cambourne
1006598,Cambridge
9044909,Cambridge
9044904,Cambridge
9044905,Cambridge
9044914,Cambridge
9044903,Cambridge
9044906,Cambridge
9044913,Cambridge
9044908,Cambridge
9044907,Cambridge
9044912,Cambridge
9044911,Cambridge
9044910,Cambridge
9044887,Cambridge
9044888,Cambridge
9044895,Cambridge
9044902,Cambridge
9041099,Cambridgeshire
1006599,Camelford
1006600,Camerton
1007309,Campbeltown
1006601,Cannock
1006602,Canterbury
9045109,Canterbury
9045060,Canterbury
9045061,Canterbury
9180637,Canterbury
9045100,Canterbury
9045101,Canterbury
9180638,Canterbury
9045099,Canterbury
9180639,Canterbury
9045104,Canterbury
9045105,Canterbury
9045102,Canterbury
9045106,Canterbury
9045107,Canterbury
9045057,Canterbury
9045103,Canterbury
9045055,Canterbury
9045056,Canterbury
9045058,Canterbury
9045059,Canterbury
1006603,"Canvey Island"
1006604,Capenhurst
1007416,Cardiff
9045352,Cardiff
9045354,Cardiff
9045370,Cardiff
9180627,Cardiff
9045371,Cardiff
9045353,Cardiff
9045372,Cardiff
9045397,Cardiff
9060999,Cardiff
9045396,Cardiff
9045384,Cardiff
9045362,Cardiff
9045395,Cardiff
9045365,Cardiff
9045361,Cardiff
9045363,Cardiff
9045364,Cardiff
9180628,Cardiff
9180629,Cardiff
9180630,Cardiff
9045381,Cardiff
9045366,Cardiff
9045368,Cardiff
9045382,Cardiff
9045376,Cardiff
9045357,Cardiff
9180631,Cardiff
9045358,Cardiff
9045356,Cardiff
9045355,Cardiff
9045359,Cardiff
9045360,Cardiff
9180632,Cardiff
9045369,Cardiff
9045367,Cardiff
1007417,Cardigan
1006605,Carlisle
9046736,Carlisle
9046712,Carlisle
9046729,Carlisle
9046726,Carlisle
9046727,Carlisle
9045237,Carlisle
9045236,Carlisle
9046711,Carlisle
9046710,Carlisle
9180617,Carlisle
9180618,Carlisle
9046735,Carlisle
9180619,Carlisle
9180620,Carlisle
9180621,Carlisle
9180622,Carlisle
9180623,Carlisle
9045239,Carlisle
9180624,Carlisle
9045238,Carlisle
9046734,Carlisle
9180625,Carlisle
9046730,Carlisle
9046732,Carlisle
9046728,Carlisle
9046731,Carlisle
9180626,Carlisle
1007418,Carmarthen
1007419,Carno
1007275,Carrickfergus
9045678,"Castle Cary"
1006606,"Castle Donington"
1007310,"Castle Douglas"
1006607,Castleford
1006608,Castleton
1006609,Caterham
1006610,Cawthorne
1006611,"Chalfont Saint Giles"
1006612,Chalgrove
1006613,"Chandler'S Ford"
1006614,Chapeltown
1006615,Chard
1006616,Charing
1006617,Charlwood
1006618,Chatham
9045024,Chatham
9045023,Chatham
1006619,Chatteris
1006620,"Cheadle Hulme"
9045669,Cheddar
1006621,Chelmsford
9045038,Chelmsford
9044924,Chelmsford
9045008,Chelmsford
9045007,Chelmsford
9045004,Chelmsford
9045005,Chelmsford
9044927,Chelmsford
9044928,Chelmsford
9044922,Chelmsford
9044929,Chelmsford
9044931,Chelmsford
9045009,Chelmsford
9044930,Chelmsford
9180634,Chelmsford
9044919,Chelmsford
9044918,Chelmsford
9044920,Chelmsford
9044925,Chelmsford
9044926,Chelmsford
9044923,Chelmsford
9044921,Chelmsford
9045041,Chelmsford
9045040,Chelmsford
9045037,Chelmsford
1006622,Cheltenham
1007420,Chepstow
1006623,Chertsey
1006624,Chesham
9046043,Chesham
9041090,Cheshire
1006625,Cheshunt
1006626,Chester
9046493,Chester
9046494,Chester
9046483,Chester
9046484,Chester
9046565,Chester
9046566,Chester
9046563,Chester
9046564,Chester
9046561,Chester
9180633,Chester
9075134,Chester
9046567,Chester
9046562,Chester
9046485,Chester
9046486,Chester
9046487,Chester
9046488,Chester
9046491,Chester
9046490,Chester
9046489,Chester
9046495,Chester
9046492,Chester
9045255,Chester
9045242,Chester
1006627,Chesterfield
1006628,Chichester
1006629,Chineham
1006630,Chinnor
1006631,"Chipping Norton"
1006632,"Chipping Sodbury"
9044977,Chislehurst
9072502,Chiswick
1006633,Chorley
1006634,Christchurch
9045707,Christchurch
1006635,"Church Stretton"
1006636,Cirencester
9041110,"City Of London"
1006637,Clacton-On-Sea
1006638,Clapham
1006639,Cleckheaton
9046681,Cleckheaton
1006640,Cleethorpes
1006641,Clevedon
9045653,Clevedon
1006642,"Clifton And Compton"
9046586,Clitheroe
1007311,Clydebank
1006643,Coalville
1007312,Coatbridge
1006644,Colchester
9045046,Colchester
9044900,Colchester
9045049,Colchester
9045052,Colchester
9045062,Colchester
9180635,Colchester
9045053,Colchester
9045051,Colchester
9045044,Colchester
9045043,Colchester
9045045,Colchester
9045039,Colchester
9045042,Colchester
9045047,Colchester
9180636,Colchester
9044901,Colchester
1006645,Coleford
1007276,Coleraine
1006646,Colnbrook
9046592,Colne
1007421,"Colwyn Bay"
9050360,Comberton
1006647,"Compton And Shawford"
1006648,Congleton
1007422,"Connah'S Quay"
1006649,Consett
1007423,Conwy
9072510,Cookham
1006650,"Cookham Dean"
1007277,Cookstown
1006651,Coppingford
1006652,Coppull
1006653,Corby
9041096,Cornwall
1006654,Cosham
1006655,Cottenham
9050361,Cottenham
9185446,"County Tyrone"
1006656,Coventry
9046172,Coventry
9045513,Coventry
9046168,Coventry
9046173,Coventry
9046174,Coventry
9046170,Coventry
9046163,Coventry
9046164,Coventry
9046158,Coventry
9046169,Coventry
9046161,Coventry
9046162,Coventry
9045555,Coventry
9045554,Coventry
9045556,Coventry
9045552,Coventry
9045522,Coventry
9046159,Coventry
9045521,Coventry
9046171,Coventry
9045520,Coventry
9045523,Coventry
9045512,Coventry
1006657,Cowes
1006658,Cowley
9045456,"Cradley Heath"
1007313,Craignure
1006659,Cramlington
1006660,Cranfield
1006661,Crawley
1006662,Crediton
1006663,Crewe
9046460,Crewe
9046458,Crewe
9046459,Crewe
9046446,Crewe
9046461,Crewe
9046462,Crewe
9046447,Crewe
9046463,Crewe
9046502,Crewe
9046504,Crewe
9046503,Crewe
9046457,Crewe
1006664,Crewkerne
1007314,Cromarty
1006665,Cromer
1006666,Crowborough
1006667,Crowthorne
1006668,Croydon
9045872,Croydon
9045871,Croydon
9045868,Croydon
9045910,Croydon
9045861,Croydon
9045147,Croydon
9045874,Croydon
9045869,Croydon
1007424,Crumlin
1007425,Crymych
1007315,Cumbernauld
9041111,Cumbria
1007426,Cwmbran
1007427,Dale
1006669,Darlington
9046799,Darlington
9046703,Darlington
9180651,Darlington
9046705,Darlington
9046707,Darlington
9046706,Darlington
9046708,Darlington
9046792,Darlington
9046794,Darlington
9180652,Darlington
9046808,Darlington
9046793,Darlington
9046806,Darlington
9046807,Darlington
9046702,Darlington
9046704,Darlington
1006670,Dartford
9044987,Dartford
9180640,Dartford
9044999,Dartford
9045000,Dartford
9044998,Dartford
9044972,Dartford
9180641,Dartford
9044971,Dartford
9044990,Dartford
9044985,Dartford
9044996,Dartford
9044984,Dartford
9044986,Dartford
9061000,Dartford
9044988,Dartford
9044989,Dartford
9044995,Dartford
1006671,Darwen
9046525,Darwen
1006672,Daventry
1007428,Denbigh
1006673,Denmead
1006674,Derby
9046417,Derby
9046422,Derby
9046175,Derby
9046425,Derby
9046424,Derby
9046421,Derby
9046414,Derby
9046418,Derby
9046416,Derby
9046415,Derby
9046419,Derby
9046374,Derby
9046373,Derby
9046378,Derby
9046377,Derby
9046376,Derby
9046375,Derby
9046420,Derby
9046412,Derby
9046410,Derby
9046409,Derby
9046408,Derby
9046413,Derby
9041086,Derbyshire
1028786,Dersingham
1006675,Devizes
1006676,Devon
1006677,Didcot
1007316,Dingwall
1006678,Dodleston
1006679,Doncaster
9046282,Doncaster
9046271,Doncaster
9046275,Doncaster
9046278,Doncaster
9046264,Doncaster
9046267,Doncaster
9046268,Doncaster
9046265,Doncaster
9046243,Doncaster
9180653,Doncaster
9046281,Doncaster
9046270,Doncaster
9046232,Doncaster
9046231,Doncaster
9046273,Doncaster
9046239,Doncaster
9046237,Doncaster
9046238,Doncaster
9180654,Doncaster
9044858,Doncaster
9044857,Doncaster
9046240,Doncaster
9180655,Doncaster
9180656,Doncaster
9046279,Doncaster
9046242,Doncaster
9180657,Doncaster
9046280,Doncaster
9046283,Doncaster
9046272,Doncaster
9046287,Doncaster
9046266,Doncaster
1006680,Dorchester
9045686,Dorchester
9045682,Dorchester
9045684,Dorchester
9045681,Dorchester
9045687,Dorchester
9045692,Dorchester
9180658,Dorchester
9045688,Dorchester
9045332,Dorchester
9180659,Dorchester
9045677,Dorchester
1006681,Dorking
1007317,Dornoch
9041084,Dorset
1007318,Douglas
1006682,Dover
1007429,Dowlais
1006683,Downham
1007278,Downpatrick
1006684,Drayton
1006685,"Droitwich Spa"
1006686,Dudley
9045454,Dudley
9045450,Dudley
9045448,Dudley
9045431,Dudley
9045449,Dudley
9045430,Dudley
9045455,Dudley
9045446,Dudley
9045475,Dudley
9045453,Dudley
9045451,Dudley
9045447,Dudley
9045452,Dudley
9045457,Dudley
1007319,Dumbarton
1007320,Dumfries
9045233,Dumfries
9180642,Dumfries
9045234,Dumfries
9046737,Dumfries
9180643,Dumfries
9180644,Dumfries
9180645,Dumfries
9045232,Dumfries
9180646,Dumfries
9180647,Dumfries
9045235,Dumfries
9180648,Dumfries
9045230,Dumfries
9045225,Dumfries
9045226,Dumfries
9180787,Dunbeath
1007321,Dundee
9046870,Dundee
9046874,Dundee
9046872,Dundee
9046862,Dundee
9046863,Dundee
9046869,Dundee
9046868,Dundee
9046864,Dundee
9046871,Dundee
9046873,Dundee
9046842,Dundee
1007322,Dunfermline
1007279,Dungannon
1007280,Dunmurry
1007323,Duns
1006687,Dunstable
9046048,Dunstable
9046045,Dunstable
1006688,Durham
9041100,Durham
9046791,Durham
9046788,Durham
9046790,Durham
9046762,Durham
9180649,Durham
9180650,Durham
9046709,Durham
9046745,Durham
9046747,Durham
1007324,Eaglesham
9050362,Earley
9072503,"Earl'S Court"
1006689,"East Grinstead"
1007325,"East Kilbride"
1006690,"East Markham"
9041094,"East Yorkshire"
9041108,"East Sussex"
1006692,Eastbourne
9045156,Eastbourne
9045158,Eastbourne
9045157,Eastbourne
9045159,Eastbourne
1006693,Eastleigh
9050363,"Eaton Socon"
1006694,Edgbaston
9045962,Edgware
1007326,Edinburgh
9046890,Edinburgh
9046895,Edinburgh
9046897,Edinburgh
9046898,Edinburgh
9046902,Edinburgh
9046896,Edinburgh
9046886,Edinburgh
9046891,Edinburgh
9180660,Edinburgh
9046894,Edinburgh
9046893,Edinburgh
9180661,Edinburgh
9180662,Edinburgh
9046881,Edinburgh
9046899,Edinburgh
9046900,Edinburgh
9046888,Edinburgh
9180663,Edinburgh
9046882,Edinburgh
9180664,Edinburgh
9180665,Edinburgh
9180666,Edinburgh
9180667,Edinburgh
9180668,Edinburgh
9180669,Edinburgh
9046875,Edinburgh
9046901,Edinburgh
9180670,Edinburgh
9046876,Edinburgh
9180671,Edinburgh
9180672,Edinburgh
9180673,Edinburgh
9046880,Edinburgh
9180674,Edinburgh
9180675,Edinburgh
9046909,Edinburgh
9046906,Edinburgh
9046889,Edinburgh
9046908,Edinburgh
9046905,Edinburgh
9180676,Edinburgh
9046910,Edinburgh
9180677,Edinburgh
9046884,Edinburgh
9046885,Edinburgh
9046887,Edinburgh
9046892,Edinburgh
1006695,Edwalton
1006696,Egham
1007327,Elgin
1006697,"Ellesmere Port"
9046830,Ellon
1006698,Elstree
1006699,Ely
1006700,Enderby
9046011,Enfield
9044935,Enfield
9044933,Enfield
9045985,Enfield
9046010,Enfield
9045982,Enfield
9045978,Enfield
9045983,Enfield
9046012,Enfield
9046013,Enfield
9044934,Enfield
1007281,Enniskillen
1006701,Epping
1006702,Epsom
1006703,Esher
1007328,Eskdalemuir
9041107,Essex
1006704,Etchingham
9050364,Evercreech
1006705,Evesham
1006706,Ewell
1006707,Exeter
9045344,Exeter
9045333,Exeter
9045341,Exeter
9180678,Exeter
9045335,Exeter
9045334,Exeter
9045337,Exeter
9045339,Exeter
9045301,Exeter
9180679,Exeter
9180680,Exeter
9045342,Exeter
9045300,Exeter
9180681,Exeter
9045293,Exeter
9045291,Exeter
9180682,Exeter
9180683,Exeter
9045297,Exeter
9045298,Exeter
9045296,Exeter
9045295,Exeter
9180684,Exeter
9045299,Exeter
9180685,Exeter
9045294,Exeter
9045292,Exeter
9045343,Exeter
9045340,Exeter
9045302,Exeter
9045325,Exeter
9045326,Exeter
9045331,Exeter
1006708,Exminster
1006709,Exmouth
1006710,Eyam
1007329,Eyemouth
1006711,Eynsham
1006712,Fairford
1007330,Falkirk
9046978,Falkirk
9046907,Falkirk
9180686,Falkirk
9180687,Falkirk
9180688,Falkirk
9180689,Falkirk
9046982,Falkirk
9180690,Falkirk
9046983,Falkirk
9180691,Falkirk
9180692,Falkirk
9046979,Falkirk
9180693,Falkirk
9180694,Falkirk
9046980,Falkirk
9046972,Falkirk
9046981,Falkirk
9046971,Falkirk
9046969,Falkirk
9046968,Falkirk
9046970,Falkirk
1006713,Falmer
1006714,Falmouth
1006715,Fareham
1006716,Farnborough
1006717,Farnham
1006718,Farringdon
9045054,Faversham
1006719,Felixstowe
1006720,Felpham
1006721,Fenton
1006722,Ferndown
9045706,Ferndown
1006723,Ferryhill
1007331,Fife
1006724,Filleigh
1007332,Findhorn
1006725,Findon
9181181,"Finsbury Park"
1006726,Fleet
1006727,Fleetwood
1007430,Flint
1006728,Flitwick
1006729,Folkestone
1006730,Fordingbridge
1006731,"Forest Row"
1007333,Forfar
1007334,Forres
9047002,Forsinard
1007335,"Fort William"
1006732,Foulridge
9046828,Fraserburgh
1006733,Frimley
1006734,Frome
9045672,Frome
9072504,Fulham
9046879,Galashiels
9073608,Galashiels
9046877,Galashiels
9073607,Galashiels
9181022,Galashiels
9073606,Galashiels
9046878,Galashiels
9073609,Galashiels
9181023,Galashiels
9073610,Galashiels
9046739,Galashiels
9073611,Galashiels
9073597,Galashiels
9046738,Galashiels
9046733,Galashiels
9050365,Gamlingay
1007431,Garreg
1006736,Gateshead
1006737,Geddington
1006738,"Gerrards Cross"
9045025,Gillingham
9045026,Gillingham
1007336,Glasgow
9046938,Glasgow
9046940,Glasgow
9046941,Glasgow
9046944,Glasgow
9046945,Glasgow
9046966,Glasgow
9046937,Glasgow
9046939,Glasgow
9046934,Glasgow
9180695,Glasgow
9180696,Glasgow
9046936,Glasgow
9046929,Glasgow
9046928,Glasgow
9046930,Glasgow
9180697,Glasgow
9046935,Glasgow
9180698,Glasgow
9046948,Glasgow
9046952,Glasgow
9046949,Glasgow
9046954,Glasgow
9180699,Glasgow
9046951,Glasgow
9046953,Glasgow
9046946,Glasgow
9046947,Glasgow
9046950,Glasgow
9180700,Glasgow
9046943,Glasgow
9046942,Glasgow
9180701,Glasgow
9046933,Glasgow
9046974,Glasgow
9046932,Glasgow
9046973,Glasgow
9046931,Glasgow
9046926,Glasgow
9046918,Glasgow
9046927,Glasgow
9046924,Glasgow
9046925,Glasgow
9046923,Glasgow
9046922,Glasgow
9046921,Glasgow
9046965,Glasgow
9046964,Glasgow
9046967,Glasgow
9046985,Glasgow
1006739,Glastonbury
9045667,Glastonbury
1007282,Glengormley
1007337,Glenrothes
1006740,Glossop
1006741,Gloucester
9045573,Gloucester
9045576,Gloucester
9045579,Gloucester
9045580,Gloucester
9180702,Gloucester
9045642,Gloucester
9045641,Gloucester
9045645,Gloucester
9045643,Gloucester
9180703,Gloucester
9045570,Gloucester
9045572,Gloucester
9045562,Gloucester
9045574,Gloucester
9045575,Gloucester
9045578,Gloucester
9045586,Gloucester
9045571,Gloucester
9045585,Gloucester
9045582,Gloucester
9045584,Gloucester
9045557,Gloucester
9045559,Gloucester
9045577,Gloucester
9045583,Gloucester
9045581,Gloucester
9180704,Gloucester
9041087,Gloucestershire
1006742,Godalming
9180780,Golspie
1006743,Goole
1007338,Gorebridge
1006744,Gorleston-On-Sea
1007339,Gourock
1006745,Grantham
1006746,Gravesend
1006747,Grays
1006748,"Great Baddow"
1006749,"Great Malvern"
1006750,"Great Missenden"
9046063,"Great Missenden"
1006751,"Great Yarmouth"
9044854,"Great Yarmouth"
9041106,"Greater London"
9041112,"Greater Manchester"
1007340,Greenock
1006752,Grimsby
1006753,Guildford
9045836,Guildford
9045760,Guildford
9045759,Guildford
9045762,Guildford
9045758,Guildford
9045756,Guildford
9045757,Guildford
9045753,Guildford
9180705,Guildford
9046103,Guildford
9045837,Guildford
9046098,Guildford
9045839,Guildford
9045840,Guildford
9045841,Guildford
9045838,Guildford
9046097,Guildford
9045766,Guildford
9045767,Guildford
9045826,Guildford
9045768,Guildford
9045834,Guildford
9045765,Guildford
9045769,Guildford
9045770,Guildford
9045764,Guildford
9045749,Guildford
9045763,Guildford
9045835,Guildford
9045754,Guildford
9045755,Guildford
9045831,Guildford
9045751,Guildford
9045752,Guildford
9045830,Guildford
9045833,Guildford
9045832,Guildford
9045761,Guildford
1006754,Haddenham
1006755,Hailsham
9045122,Hailsham
1006756,Halesowen
9045460,Halesowen
9045458,Halesowen
1006757,Halifax
9046668,Halifax
9046666,Halifax
9046669,Halifax
9046667,Halifax
9046680,Halifax
9046665,Halifax
9046596,Halifax
9180782,Halkirk
1006758,Halton
1006759,Hamble-Le-Rice
1006760,Hamilton
1007341,Hamilton
9041095,Hampshire
9072505,Hampstead
1006761,Handforth
1006762,Hanslope
1007433,Harlech
1006763,Harleston
1006764,Harlow
1006765,Harpenden
9046029,Harpenden
1006766,Harrogate
9046310,Harrogate
9046309,Harrogate
9046308,Harrogate
9046701,Harrogate
9046307,Harrogate
9045969,Harrow
9045968,Harrow
9045963,Harrow
1006767,Hartlepool
1006768,Harwell
1006769,Haslingden
9045808,Hassocks
1006770,Hastings
1006771,Hastingwood
1006772,Hatfield
9046033,Hatfield
9046015,Hatfield
9072509,Hatfield
1006773,Havant
1007434,Haverfordwest
1006774,Haverhill
1007435,Hawarden
1006775,Hawes
1006776,Haydock
1006777,Hayle
1006778,"Hayling Island"
1006779,"Haywards Heath"
1006780,"Headley Down"
1006781,"Heathfield And Waldron"
1006782,Heckfield
1006783,"Hedge End"
9180789,Helmsdale
1006784,Helsby
1006785,Helston
1006786,"Hemel Hempstead"
9046041,"Hemel Hempstead"
9046039,"Hemel Hempstead"
9046139,"Hemel Hempstead"
9046040,"Hemel Hempstead"
9180706,"Hemel Hempstead"
9046070,"Hemel Hempstead"
9050366,"Hemingford Grey"
1006787,Henfield
9045813,Henfield
1007436,Hengoed
1006788,Henley-In-Arden
9045553,Henley-In-Arden
1006789,Henley-On-Thames
1006790,Hereford
9045425,Hereford
9045421,Hereford
9045413,Hereford
9045422,Hereford
9045644,Hereford
9041113,Herefordshire
1006791,"Herne Bay"
1006792,Hersham
1006793,Hertford
9041114,Hertfordshire
1006794,Hexham
1006795,Heybridge
1006796,Heywood
1006798,"High Wycombe"
9046069,"High Wycombe"
9046071,"High Wycombe"
9046114,"High Wycombe"
9046068,"High Wycombe"
9046066,"High Wycombe"
9046067,"High Wycombe"
9072506,Highgate
1006799,Hildenborough
9050367,Hilton
1006800,Hinckley
1006801,Hindhead
1006802,Histon
1006803,Hitchin
1006804,Hoddesdon
1006805,"Holmes Chapel"
1006806,Holmfirth
1006807,Hook
1006808,Horley
1006809,Horncastle
9050368,Horningsham
1006810,Horsham
1006811,"Horton Kirby"
1006812,Hove
9045806,Hove
1006813,Howden
1006814,Hucknall
1006815,Huddersfield
9046677,Huddersfield
9046678,Huddersfield
9046670,Huddersfield
9046675,Huddersfield
9046676,Huddersfield
9046679,Huddersfield
9046671,Huddersfield
9046337,Huddersfield
9046672,Huddersfield
9046246,Hull
9180715,Hull
9180716,Hull
9044856,Hull
9046269,Hull
9046259,Hull
9046258,Hull
9046251,Hull
9046247,Hull
9180717,Hull
9046255,Hull
9180718,Hull
9046245,Hull
9046244,Hull
9046256,Hull
9046257,Hull
9046252,Hull
9046253,Hull
9046254,Hull
1006817,Hungerford
1006818,Huntingdon
9046845,Huntly
1006819,Huyton
1006820,Ibstock
9044954,Ilford
9044937,Ilford
9044953,Ilford
9044943,Ilford
9044945,Ilford
9044941,Ilford
9044940,Ilford
9044938,Ilford
9180719,Ilford
1006821,Ilkeston
1006822,Ilkley
1006823,Immingham
1006824,Ingham
1006825,Ingram
9180604,Insch
1007343,Inveraray
1007344,Inverbervie
1007345,Inverness
9180724,Inverness
9180725,Inverness
9180726,Inverness
9180727,Inverness
9180728,Inverness
9180729,Inverness
9180730,Inverness
9180731,Inverness
9180732,Inverness
9180733,Inverness
9047001,Inverness
9180734,Inverness
9180735,Inverness
9180736,Inverness
9180737,Inverness
9180738,Inverness
9180739,Inverness
9180740,Inverness
9047000,Inverness
9180741,Inverness
9180742,Inverness
9046848,Inverness
9046849,Inverness
9180743,Inverness
9046850,Inverness
9180744,Inverness
9180745,Inverness
9180746,Inverness
9180747,Inverness
9180748,Inverness
9180749,Inverness
9180750,Inverness
9180751,Inverness
9180752,Inverness
9180753,Inverness
9180754,Inverness
9180755,Inverness
9046998,Inverness
9180756,Inverness
9180757,Inverness
9180758,Inverness
9180759,Inverness
9180760,Inverness
9180761,Inverness
9180762,Inverness
9180763,Inverness
9180764,Inverness
9180765,Inverness
1007346,Inverurie
9046839,Inverurie
1006826,Ipswich
9045078,Ipswich
9180720,Ipswich
9045063,Ipswich
9045064,Ipswich
9045065,Ipswich
9045072,Ipswich
9180721,Ipswich
9045067,Ipswich
9045066,Ipswich
9180722,Ipswich
9045068,Ipswich
9045077,Ipswich
9045094,Ipswich
9045070,Ipswich
9045079,Ipswich
9045071,Ipswich
9044894,Ipswich
9044892,Ipswich
9180723,Ipswich
9044893,Ipswich
9044889,Ipswich
9044896,Ipswich
9045075,Ipswich
9044899,Ipswich
9044897,Ipswich
9044898,Ipswich
9045076,Ipswich
9045074,Ipswich
9045073,Ipswich
9045048,Ipswich
9061001,Ipswich
9045050,Ipswich
1006827,Irlam
1007347,Irvine
9046999,"Isle Of Harris"
9180708,"Isle Of Harris"
9180709,"Isle Of Harris"
9180710,"Isle Of Harris"
9180711,"Isle Of Harris"
9180712,"Isle Of Harris"
9180713,"Isle Of Harris"
9180714,"Isle Of Harris"
9041115,"Isle Of Wight"
1006828,Iver
1007348,Jedburgh
1007349,Johnstone
1006829,Kearsley
1006830,Keele
1006831,Kegworth
1006832,Keighley
9046590,Keighley
9046698,Keighley
9046591,Keighley
9046846,Keith
1007350,Kelso
1006833,Kempston
1006834,Kendal
1006835,Kenilworth
1007351,Kennacraig
9041088,Kent
1006837,Kettering
1006838,Kidderminster
1006839,Kidlington
1006840,Kidsgrove
1007352,Kilbarchan
1007353,Kilbride
1007354,Kilmacolm
1007355,Kilmarnock
9061002,Kilmarnock
9046996,Kilmarnock
9180766,Kilmarnock
9046995,Kilmarnock
9046994,Kilmarnock
9046920,Kilmarnock
9180767,Kilmarnock
9180768,Kilmarnock
9045229,Kilmarnock
9180769,Kilmarnock
9180770,Kilmarnock
9180771,Kilmarnock
9046993,Kilmarnock
9180772,Kilmarnock
9180773,Kilmarnock
9180774,Kilmarnock
9046991,Kilmarnock
9045224,Kilmarnock
9180775,Kilmarnock
9180776,Kilmarnock
9180777,Kilmarnock
9046919,Kilmarnock
9046992,Kilmarnock
9180778,Kilmarnock
9180779,Kilmarnock
9045228,Kilmarnock
9045227,Kilmarnock
9061003,Kilmarnock
9046997,Kilmarnock
1007356,Kilwinning
9180781,Kinbrace
1007357,Kingarth
1006841,"Kings Langley"
1006842,"King'S Lynn"
1006843,Kingsbridge
1006844,Kingston
9045919,Kingston
9045851,Kingston
9045849,Kingston
9045923,Kingston
9045845,Kingston
9045842,Kingston
9045844,Kingston
9045843,Kingston
9045856,Kingston
9045853,Kingston
9045855,Kingston
9045918,Kingston
9045860,Kingston
9045852,Kingston
9045850,Kingston
9045848,Kingston
9045846,Kingston
9045916,Kingston
9045914,Kingston
9045920,Kingston
9045921,Kingston
9045922,Kingston
9045924,Kingston
9045854,Kingston
1006845,Kingston
1006816,Hull
1006846,Kingswinford
9045414,Kington
1007358,Kinross
1006847,Kirkby
1006848,"Kirkby In Ashfield"
1007359,Kirkcaldy
9046860,Kirkcaldy
9180791,Kirkcaldy
9046903,Kirkcaldy
9046904,Kirkcaldy
9046858,Kirkcaldy
9180792,Kirkcaldy
9046861,Kirkcaldy
9046867,Kirkcaldy
9046883,Kirkcaldy
9180793,Kirkcaldy
9180794,Kirkcaldy
9180795,Kirkcaldy
9046859,Kirkcaldy
9046865,Kirkcaldy
9046866,Kirkcaldy
9180796,Kirkcaldy
1007360,Kirkintilloch
1007361,Kirkwall
9047005,Kirkwall
1006850,Kirmington
1007362,Kirriemuir
1006851,Knowsley
1006852,Knutsford
1006853,Lakenheath
1007437,Lampeter
9041104,Lancashire
1006854,Lancaster
9046580,Lancaster
9046713,Lancaster
9046718,Lancaster
9046721,Lancaster
9046724,Lancaster
9046723,Lancaster
9180801,Lancaster
9046725,Lancaster
9180802,Lancaster
9046579,Lancaster
9180803,Lancaster
9180804,Lancaster
9046720,Lancaster
9046719,Lancaster
9046578,Lancaster
9046722,Lancaster
9046715,Lancaster
9046714,Lancaster
9180805,Lancaster
9046716,Lancaster
9046717,Lancaster
1006855,Lancing
9045817,Lancing
1006856,Langford
1006857,Langley
1007363,Larkhall
1007364,Lasswade
9180786,Latheron
1006858,Launceston
9180598,Laurencekirk
1006859,"Lawhitton Rural"
1006860,Leafield
1006861,Leatherhead
1006862,Lechlade
9045426,Ledbury
1006864,Leeds
9046320,Leeds
9046322,Leeds
9046323,Leeds
9046326,Leeds
9046315,Leeds
9046302,Leeds
9046301,Leeds
9046313,Leeds
9046304,Leeds
9046312,Leeds
9046314,Leeds
9046319,Leeds
9046694,Leeds
9046311,Leeds
9046305,Leeds
9046303,Leeds
9046297,Leeds
9046298,Leeds
9046300,Leeds
9046325,Leeds
9046327,Leeds
9046695,Leeds
9061005,Leeds
9046316,Leeds
9046317,Leeds
9046318,Leeds
9046321,Leeds
1006865,Leek
1006866,Leeming
1006863,Lee-On-Solent
1006867,Leicester
9046183,Leicester
9046167,Leicester
9046407,Leicester
9046406,Leicester
9046405,Leicester
9046190,Leicester
9046189,Leicester
9046186,Leicester
9046165,Leicester
9046185,Leicester
9046177,Leicester
9046182,Leicester
9046178,Leicester
9046181,Leicester
9046184,Leicester
9180810,Leicester
9046423,Leicester
9046176,Leicester
9046180,Leicester
9046179,Leicester
9046166,Leicester
9041102,Leicestershire
1006868,"Leighton Buzzard"
1006869,Lenham
9045420,Leominster
1007365,Lerwick
9047007,Lerwick
9047006,Lerwick
9073612,Lerwick
1006870,Letchworth
1006871,Lewes
9045155,Lewes
9045154,Lewes
1006872,Lewknor
1006873,Leyland
1006874,Lichfield
1006875,Lighthorne
1006876,Lincoln
9046229,Lincoln
9046236,Lincoln
9044859,Lincoln
9044876,Lincoln
9044875,Lincoln
9046234,Lincoln
9046235,Lincoln
9046218,Lincoln
9046227,Lincoln
9046228,Lincoln
9046241,Lincoln
9046233,Lincoln
9044877,Lincoln
9041085,Lincolnshire
1006877,Lindsey
1006878,Liphook
1007283,Lisburn
1006879,Liskeard
1006880,"Little Chalfont"
1006881,"Little Chesterford"
1006882,Littlebourne
1006883,Littlehampton
9045822,Littlehampton
9045824,Littlehampton
9050369,Littleport
1006884,Liverpool
9046554,Liverpool
9180797,Liverpool
9046540,Liverpool
9046541,Liverpool
9046550,Liverpool
9075133,Liverpool
9046548,Liverpool
9046546,Liverpool
9046549,Liverpool
9046547,Liverpool
9046496,Liverpool
9075131,Liverpool
9046556,Liverpool
9180798,Liverpool
9046560,Liverpool
9046497,Liverpool
9046498,Liverpool
9075129,Liverpool
9075130,Liverpool
9180799,Liverpool
9046552,Liverpool
9046559,Liverpool
9046537,Liverpool
9046539,Liverpool
9046538,Liverpool
9046542,Liverpool
9046544,Liverpool
9046545,Liverpool
9046569,Liverpool
9180800,Liverpool
9046536,Liverpool
9046557,Liverpool
9046533,Liverpool
9075132,Liverpool
9046555,Liverpool
9046551,Liverpool
9046553,Liverpool
9046558,Liverpool
1007366,Livingston
1007438,Llanberis
9045411,Llandrindod
9045412,Llandrindod
9045380,Llandrindod
9180806,Llandrindod
9180807,Llandrindod
9180808,Llandrindod
9180809,Llandrindod
1007439,"Llandrindod Wells"
1007440,Llanelli
1007441,Llangefni
9072515,Lochinver
1007368,Lochmaddy
1007369,Lochwinnoch
1007370,Lockerbie
1006885,"Locks Heath"
1006886,London
9045886,London
9044960,London
9044958,London
9044957,London
9044963,London
9044965,London
9044962,London
9044964,London
9044959,London
9044939,London
9045887,London
9046007,London
9072508,London
9046009,London
9044936,London
9046005,London
9044955,London
9044961,London
9046006,London
9046008,London
9045999,London
9045993,London
9045987,London
9045981,London
9045988,London
9045984,London
9046002,London
9046004,London
9045991,London
9045990,London
9045995,London
9045994,London
9045980,London
9045986,London
9045989,London
9045959,London
9046001,London
9046000,London
9044956,London
9045998,London
9046003,London
9045992,London
9045997,London
9045954,London
9045958,London
9045955,London
9045957,London
9045960,London
9045996,London
9045953,London
9045979,London
9045956,London
9045961,London
9045888,London
9044966,London
9045897,London
9044973,London
9044974,London
9045883,London
9045882,London
9045885,London
9073584,London
9044969,London
9045877,London
9044991,London
9045876,London
9045878,London
9045890,London
9045880,London
9073585,London
9045875,London
9045879,London
9073583,London
9073539,London
9044967,London
9045881,London
9045889,London
9044975,London
9044968,London
9045884,London
9044970,London
9047013,London
9073586,London
9045901,London
9045893,London
9045947,London
9045948,London
9045917,London
9045892,London
9045908,London
9045907,London
9045909,London
9045899,London
9045898,London
9045900,London
9045891,London
9045915,London
9045902,London
9045894,London
9045906,London
9045904,London
9045896,London
9045895,London
9045951,London
9045950,London
9045945,London
9045940,London
9045949,London
9045903,London
9045944,London
9045943,London
9045941,London
9045946,London
9045939,London
9045905,London
9045952,London
1006887,"London Colney"
1007284,Londonderry
1006888,"Long Eaton"
1006890,"Long Stratton"
1006889,Longstanton
9050370,Longstanton
1006891,Loughborough
1006892,Louth
1006893,Lowestoft
1006894,Lowick
1006895,Lowther
1006896,Ludlow
1007285,Lurgan
1007371,Luss
1006897,Luton
9046028,Luton
9046027,Luton
9046046,Luton
9046047,Luton
9046051,Luton
1006898,Lutterworth
9180784,Lybster
9180785,Lybster
1006899,"Lyme Regis"
1006900,Lymington
1006901,Lymm
1006902,Lyndhurst
1006903,Lyneham
9050371,"Lytchett Matravers"
1007098,"Lytham St Annes"
1006904,Macclesfield
1007442,Machynlleth
1006905,Maghull
1006906,Maidenhead
1006907,Maidstone
9045128,Maidstone
9045129,Maidstone
9045130,Maidstone
9045111,Maidstone
9045131,Maidstone
9045133,Maidstone
9045132,Maidstone
1006908,Maldon
1007372,Mallaigmore
1006909,Malmesbury
1006910,Malton
1006911,"Malvern Link"
1006912,Manchester
9046640,Manchester
9046634,Manchester
9046635,Manchester
9046638,Manchester
9046639,Manchester
9046622,Manchester
9046621,Manchester
9046623,Manchester
9046637,Manchester
9046643,Manchester
9046620,Manchester
9046619,Manchester
9046451,Manchester
9046618,Manchester
9046632,Manchester
9046609,Manchester
9046607,Manchester
9046628,Manchester
9046611,Manchester
9046519,Manchester
9046642,Manchester
9046612,Manchester
9046615,Manchester
9046617,Manchester
9046616,Manchester
9046649,Manchester
9180851,Manchester
9046641,Manchester
9046631,Manchester
9046613,Manchester
9046636,Manchester
9046614,Manchester
9046608,Manchester
9046520,Manchester
9046624,Manchester
9046625,Manchester
9046626,Manchester
9046627,Manchester
9046629,Manchester
9046630,Manchester
9046453,Manchester
1006913,Manningtree
1006914,Mansfield
1006915,March
1006916,Margate
1006917,"Market Harborough"
1006918,"Market Rasen"
1006919,Marlborough
1006920,Marlow
1006921,Marske-By-The-Sea
9072507,Marylebone
1006922,Matlock
9072499,Mayfair
1006923,Melbourn
9050372,Melbourn
1006924,Melbourne
1006925,Melksham
1007373,Melrose
1006926,"Melton Mowbray"
1006927,Meriden
9041116,Merseyside
1007443,"Merthyr Tydfil"
1006928,Middlesbrough
9046822,Middlesbrough
9046816,Middlesbrough
9046815,Middlesbrough
9046814,Middlesbrough
9073601,Middlesbrough
9046817,Middlesbrough
9046804,Middlesbrough
9046800,Middlesbrough
9046803,Middlesbrough
9046802,Middlesbrough
9046801,Middlesbrough
9046798,Middlesbrough
9046795,Middlesbrough
9046796,Middlesbrough
9046797,Middlesbrough
9046824,Middlesbrough
9046823,Middlesbrough
9073603,Middlesbrough
9073600,Middlesbrough
9073599,Middlesbrough
9073598,Middlesbrough
9046819,Middlesbrough
9046820,Middlesbrough
9046821,Middlesbrough
9046818,Middlesbrough
9073602,Middlesbrough
9046805,Middlesbrough
9046810,Middlesbrough
1006929,Midhurst
9047015,Midlands
1006930,Mildenhall
1006931,Milford
9179570,Milltimber
1006932,Milnthorpe
1006933,"Milton Keynes"
9046055,"Milton Keynes"
9046202,"Milton Keynes"
9180853,"Milton Keynes"
9046146,"Milton Keynes"
9046145,"Milton Keynes"
9046147,"Milton Keynes"
9046201,"Milton Keynes"
9046148,"Milton Keynes"
9046049,"Milton Keynes"
9046138,"Milton Keynes"
9046142,"Milton Keynes"
9046052,"Milton Keynes"
9046056,"Milton Keynes"
9046058,"Milton Keynes"
9046205,"Milton Keynes"
9046203,"Milton Keynes"
9046206,"Milton Keynes"
9046050,"Milton Keynes"
9046204,"Milton Keynes"
9046026,"Milton Keynes"
9046200,"Milton Keynes"
9046057,"Milton Keynes"
9046054,"Milton Keynes"
9046053,"Milton Keynes"
9046144,"Milton Keynes"
9046143,"Milton Keynes"
1006934,Mirfield
1006935,Mitcheldean
9050373,Molesey
1007444,Monmouth
1007374,Montrose
1006936,Moorside
1006937,Morecambe
1006938,Morpeth
1006939,Mossley
1007375,Motherwell
9046915,Motherwell
9046916,Motherwell
9046911,Motherwell
9045231,Motherwell
9046913,Motherwell
9046917,Motherwell
9046977,Motherwell
9046975,Motherwell
9046976,Motherwell
9180854,Motherwell
9046912,Motherwell
9046914,Motherwell
1007445,"Mountain Ash"
1007376,Muir
1007377,Musselburgh
1006940,Nantwich
1007446,Neath
1007378,Neilston
1006941,Nelson
9046593,Nelson
1006942,Nettlebed
9072513,"New Herrington"
1006943,"New Milton"
9045695,"New Milton"
1006944,Newark-On-Trent
1006945,Newburn
1006946,Newbury
1007286,Newcastle
9046780,Newcastle
9046767,Newcastle
9046787,Newcastle
9046782,Newcastle
9046785,Newcastle
9046751,Newcastle
9046748,Newcastle
9180855,Newcastle
9180856,Newcastle
9180857,Newcastle
9046781,Newcastle
9046743,Newcastle
9180858,Newcastle
9046755,Newcastle
9046784,Newcastle
9046757,Newcastle
9046773,Newcastle
9046772,Newcastle
9180859,Newcastle
9046775,Newcastle
9046774,Newcastle
9046783,Newcastle
9180860,Newcastle
9046777,Newcastle
9046768,Newcastle
9046776,Newcastle
9046771,Newcastle
9061006,Newcastle
9180861,Newcastle
9046765,Newcastle
9046764,Newcastle
9046749,Newcastle
9046786,Newcastle
9046750,Newcastle
9180862,Newcastle
9046746,Newcastle
9046744,Newcastle
9180863,Newcastle
9180864,Newcastle
9046742,Newcastle
9046741,Newcastle
9180865,Newcastle
9180866,Newcastle
9046752,Newcastle
9046778,Newcastle
9046753,Newcastle
9180867,Newcastle
9046756,Newcastle
9180868,Newcastle
9046740,Newcastle
9046754,Newcastle
9180869,Newcastle
9180870,Newcastle
9180871,Newcastle
9180872,Newcastle
9180873,Newcastle
9180874,Newcastle
9046779,Newcastle
9046789,Newcastle
1007447,"Newcastle Emlyn"
1006948,Newcastle
1006947,Newcastle-Under-Lyme
9045161,Newhaven
1006949,Newmarket
1006950,Newport
1007448,Newport
9045373,Newport
9180875,Newport
9045374,Newport
9180876,Newport
9045647,Newport
9045638,Newport
9045649,Newport
9045652,Newport
9045651,Newport
9045375,Newport
9045377,Newport
9180877,Newport
9045646,Newport
9045639,Newport
9045648,Newport
9045650,Newport
9045378,Newport
9045379,Newport
1006951,"Newport Pagnell"
1006952,Newquay
1007287,Newry
1006953,"Newton Abbot"
1006954,"Newton Aycliffe"
1007449,Newtown
9072514,"Newtown St Boswells"
1007288,Newtownabbey
1007289,Newtownards
9041117,Norfolk
1007380,"North Berwick"
9047016,"North East"
9047017,"North Scotland"
1006955,"North Shields"
1006509,"North Turton"
1006957,"North Walsham"
9047018,"North West"
9041091,"North Yorkshire"
1006958,Northallerton
1006959,Northampton
9046153,Northampton
9046199,Northampton
9046157,Northampton
9046149,Northampton
9046137,Northampton
9046187,Northampton
9046195,Northampton
9046188,Northampton
9046191,Northampton
9046196,Northampton
9046154,Northampton
9046198,Northampton
9046152,Northampton
9046151,Northampton
9046156,Northampton
9046155,Northampton
9046150,Northampton
9046197,Northampton
9046194,Northampton
9041118,Northamptonshire
1006960,Northfleet
1006962,Northowram
9041119,Northumberland
1006963,Northwich
9046081,Northwood
1006964,Norwich
9044855,Norwich
9045091,Norwich
9044862,Norwich
9180878,Norwich
9045093,Norwich
9045084,Norwich
9045080,Norwich
9045081,Norwich
9045083,Norwich
9045082,Norwich
9044868,Norwich
9045090,Norwich
9044864,Norwich
9044866,Norwich
9180879,Norwich
9044867,Norwich
9180880,Norwich
9044865,Norwich
9180881,Norwich
9044860,Norwich
9044861,Norwich
9045089,Norwich
9045095,Norwich
9045096,Norwich
9045097,Norwich
9045098,Norwich
9045069,Norwich
9180882,Norwich
9045087,Norwich
9045085,Norwich
9045088,Norwich
9045092,Norwich
9045086,Norwich
9044863,Norwich
1006965,Nottingham
9046399,Nottingham
9046411,Nottingham
9046402,Nottingham
9046404,Nottingham
9046224,Nottingham
9046392,Nottingham
9046382,Nottingham
9046381,Nottingham
9046380,Nottingham
9046383,Nottingham
9046384,Nottingham
9046398,Nottingham
9046385,Nottingham
9046393,Nottingham
9046230,Nottingham
9046225,Nottingham
9046226,Nottingham
9046391,Nottingham
9046396,Nottingham
9046223,Nottingham
9046222,Nottingham
9046221,Nottingham
9046219,Nottingham
9046397,Nottingham
9046394,Nottingham
9046395,Nottingham
9046400,Nottingham
9046401,Nottingham
9046403,Nottingham
9041105,Nottinghamshire
1006966,Nuneaton
1006967,Oakham
1006968,Odiham
1006969,Oldbury
9045467,Oldbury
9045471,Oldbury
1006970,Oldham
9046657,Oldham
9046664,Oldham
9046662,Oldham
9046663,Oldham
9046598,Oldham
9046597,Oldham
9046661,Oldham
9046660,Oldham
9046659,Oldham
9046673,Oldham
9046658,Oldham
9046655,Oldham
9046653,Oldham
9046654,Oldham
9046656,Oldham
9046633,Oldham
1006971,Olney
1007290,Omagh
9047003,Orkney
1006972,Ormskirk
9044980,Orpington
9044981,Orpington
1006973,Oswestry
1006974,Oundle
1006975,Overseal
9072512,Oxenhope
1006976,Oxford
9046128,Oxford
9046118,Oxford
9046126,Oxford
9045598,Oxford
9046124,Oxford
9046125,Oxford
9045558,Oxford
9046160,Oxford
9046135,Oxford
9045589,Oxford
9046133,Oxford
9180883,Oxford
9046132,Oxford
9046136,Oxford
9180884,Oxford
9046134,Oxford
9045588,Oxford
9046129,Oxford
9046130,Oxford
9046115,Oxford
9046127,Oxford
9046120,Oxford
9046116,Oxford
9046131,Oxford
9045587,Oxford
9046119,Oxford
9041120,Oxfordshire
1006977,Oxted
1006978,Paignton
1007381,Paisley
9046955,Paisley
9046959,Paisley
9180885,Paisley
9180886,Paisley
9180887,Paisley
9046963,Paisley
9046990,Paisley
9180888,Paisley
9180889,Paisley
9046989,Paisley
9046957,Paisley
9180890,Paisley
9180891,Paisley
9180892,Paisley
9180893,Paisley
9180894,Paisley
9180895,Paisley
9180896,Paisley
9180897,Paisley
9180898,Paisley
9046956,Paisley
9180899,Paisley
9180900,Paisley
9180901,Paisley
9180902,Paisley
9046988,Paisley
9180903,Paisley
9180904,Paisley
9180905,Paisley
9046960,Paisley
9180906,Paisley
9180907,Paisley
9180908,Paisley
9180909,Paisley
9180910,Paisley
9180911,Paisley
9180912,Paisley
9180913,Paisley
9180914,Paisley
9046958,Paisley
9180915,Paisley
9180916,Paisley
9180917,Paisley
9180918,Paisley
9180919,Paisley
9180920,Paisley
9180921,Paisley
9180922,Paisley
9180923,Paisley
9180924,Paisley
9046962,Paisley
9180925,Paisley
9180926,Paisley
9180927,Paisley
9180928,Paisley
9180929,Paisley
9180930,Paisley
9180931,Paisley
9046961,Paisley
9180932,Paisley
9180933,Paisley
1006979,Pangbourne
9045162,Peacehaven
1006980,Peckleton
1007382,Peebles
1007450,Penarth
1006981,Penrith
1006982,Penshaw
1006983,Penzance
1007383,Perth
9046855,Perth
9046853,Perth
9180940,Perth
9180941,Perth
9180942,Perth
9180943,Perth
9046984,Perth
9180944,Perth
9180945,Perth
9180946,Perth
9180947,Perth
9046854,Perth
9180948,Perth
9180949,Perth
9046852,Perth
9180950,Perth
9180951,Perth
9180952,Perth
9180953,Perth
9046856,Perth
9180954,Perth
9180955,Perth
9180956,Perth
9046986,Perth
9180957,Perth
9180958,Perth
9046987,Perth
9180959,Perth
9180960,Perth
9180961,Perth
9180962,Perth
9180963,Perth
9180964,Perth
9180965,Perth
9180966,Perth
9180967,Perth
9180968,Perth
9180969,Perth
9180970,Perth
9180971,Perth
9046857,Perth
9180972,Perth
9180973,Perth
1006984,Peterborough
9046213,Peterborough
9046220,Peterborough
9046217,Peterborough
9044880,Peterborough
9044881,Peterborough
9180934,Peterborough
9044882,Peterborough
9044884,Peterborough
9046207,Peterborough
9046212,Peterborough
9044879,Peterborough
9044878,Peterborough
9044874,Peterborough
9180935,Peterborough
9044873,Peterborough
9044885,Peterborough
9046211,Peterborough
9044886,Peterborough
9046208,Peterborough
9046216,Peterborough
9044872,Peterborough
9044870,Peterborough
9044869,Peterborough
9044871,Peterborough
9180936,Peterborough
9180937,Peterborough
9180938,Peterborough
9044891,Peterborough
9044890,Peterborough
9046215,Peterborough
9180939,Peterborough
9046214,Peterborough
9044883,Peterborough
9046193,Peterborough
9046192,Peterborough
9180595,Peterculter
9046829,Peterhead
1006985,Peterlee
1006986,Petersfield
1006987,Petworth
9045970,Pinner
1006988,Plymouth
9045312,Plymouth
9180974,Plymouth
9045309,Plymouth
9045305,Plymouth
9045284,Plymouth
9045285,Plymouth
9045290,Plymouth
9180975,Plymouth
9045306,Plymouth
9180976,Plymouth
9045304,Plymouth
9045311,Plymouth
9045307,Plymouth
9045317,Plymouth
9180977,Plymouth
9180978,Plymouth
9045286,Plymouth
9045288,Plymouth
9180979,Plymouth
9045276,Plymouth
9045275,Plymouth
9180980,Plymouth
9045313,Plymouth
9045287,Plymouth
9045289,Plymouth
9180981,Plymouth
9180982,Plymouth
9180983,Plymouth
9180984,Plymouth
9045314,Plymouth
9045308,Plymouth
9045310,Plymouth
9045320,Plymouth
9180985,Plymouth
9045319,Plymouth
1006989,Plympton
1006990,Pocklington
9180610,Polegate
1006991,Pontefract
1007451,Pontyclun
1007452,Pontypool
1007453,Pontypridd
1006992,Poole
9045715,Poole
9045713,Poole
9045714,Poole
9045716,Poole
9045723,Poole
9045717,Poole
1006993,Poplar
1007384,"Port Ellen"
1007454,"Port Talbot"
1007291,Portadown
1007455,Porthcawl
1006994,Porthleven
1006995,Portland
1007385,Portlethen
1007386,Portree
1006996,Portsmouth
9045784,Portsmouth
9045776,Portsmouth
9045781,Portsmouth
9045794,Portsmouth
9045792,Portsmouth
9045791,Portsmouth
9045795,Portsmouth
9045793,Portsmouth
9045773,Portsmouth
9045777,Portsmouth
9045778,Portsmouth
9045785,Portsmouth
9045779,Portsmouth
9045780,Portsmouth
9045825,Portsmouth
9045783,Portsmouth
9045788,Portsmouth
9045789,Portsmouth
9180986,Portsmouth
9045787,Portsmouth
9180987,Portsmouth
9180988,Portsmouth
9180989,Portsmouth
9180990,Portsmouth
9180991,Portsmouth
9045782,Portsmouth
9180992,Portsmouth
9180993,Portsmouth
9045786,Portsmouth
9045774,Portsmouth
9045771,Portsmouth
9045772,Portsmouth
9045775,Portsmouth
1006997,"Potters Bar"
1006998,Prenton
1006999,Prescot
1007000,Preston
9046583,Preston
9046582,Preston
9046528,Preston
9046529,Preston
9046581,Preston
9046534,Preston
9046527,Preston
9046524,Preston
9046526,Preston
9046568,Preston
9046535,Preston
1007387,Prestwick
1007001,"Princes Risborough"
1007002,Pudsey
1007003,Purfleet
1007456,Pwllheli
9180852,Queenborough
1007004,Radlett
9045670,Radstock
1007005,Rainhill
1007006,Ramsgate
1007457,Rassau
9050374,Raunds
1007007,Rawtenstall
1007008,Rayleigh
1007009,Reading
9046111,Reading
9046109,Reading
9046102,Reading
9046123,Reading
9045599,Reading
9046122,Reading
9045744,Reading
9046107,Reading
9045733,Reading
9045748,Reading
9045741,Reading
9045742,Reading
9045745,Reading
9045735,Reading
9045743,Reading
9045747,Reading
9045734,Reading
9045750,Reading
9046121,Reading
9180994,Reading
9046112,Reading
9046105,Reading
9046106,Reading
9046101,Reading
9046104,Reading
9046110,Reading
9046108,Reading
9045746,Reading
9046117,Reading
9046113,Reading
1007010,Redcar
1007011,Redditch
9180607,Redditch
9045546,Redditch
9045547,Redditch
1007012,Redhill
9045864,Redhill
9045866,Redhill
9045865,Redhill
9045828,Redhill
9045815,Redhill
9045827,Redhill
9045810,Redhill
9045809,Redhill
9045153,Redhill
9045151,Redhill
9045150,Redhill
9045862,Redhill
9045816,Redhill
9180995,Redhill
9045847,Redhill
9045829,Redhill
9045863,Redhill
9045149,Redhill
9045148,Redhill
9045867,Redhill
1007013,Redruth
1007014,Reigate
1007389,Renfrew
1006691,Retford
1007458,Rhondda
1007015,Richmond
1007016,Rickmansworth
9045696,Ringwood
1007017,Ripon
1007018,Risley
1007019,Riverhead
1007020,Rochdale
1007021,Rochester
9045022,Rochester
9045021,Rochester
9045020,Rochester
1007022,Rochford
9044942,Romford
9044950,Romford
9044948,Romford
9044949,Romford
9044952,Romford
9045003,Romford
9044992,Romford
9044994,Romford
9045002,Romford
9045001,Romford
9180996,Romford
9180997,Romford
9044993,Romford
9045006,Romford
9180998,Romford
9180999,Romford
9044944,Romford
9044947,Romford
9044946,Romford
9044951,Romford
1007024,Romsey
1007390,Roslin
9046599,Rossendale
1007025,Ross-On-Wye
1007391,Rosyth
1007026,Rothbury
1007027,Rotherham
1007028,"Rowlands Gill"
1007029,"Rowley Regis"
9045470,"Rowley Regis"
1007030,"Leamington Spa"
1007031,"Tunbridge Wells"
1007255,"Royal Wootton Bassett"
1007032,Royston
9050375,Royston
1007033,Rugby
1007034,Rugeley
9046084,Ruislip
1007035,Runcorn
1007036,Ruscombe
1007037,Rushden
1007038,Rusper
1007039,Rustington
1007392,Rutherglen
1007459,Ruthin
9041121,Rutland
1007040,Ryde
1007041,"Saffron Walden"
1007396,"Saint Boswells"
1007101,"Saint Ives"
1007042,Sale
1007043,Salford
1007044,Salisbury
9045728,Salisbury
9045731,Salisbury
9045729,Salisbury
9045725,Salisbury
9045724,Salisbury
9045727,Salisbury
9045702,Salisbury
9045703,Salisbury
9045683,Salisbury
9045676,Salisbury
9045732,Salisbury
1007045,Saltaire
1007046,Saltburn
1007047,Sandbach
1007393,Sandbank
1007048,"Sandwell District"
1007049,Sandwich
1007394,Sandwick
9050376,Sandy
1007050,Sawbridgeworth
1007051,Sawtry
1007052,Saxmundham
1006735,Scampton
1007053,Scarborough
1007054,Scole
1007055,Scunthorpe
1007056,Seaford
9045160,Seaford
1007057,Seal
1007058,Sedlescombe
9046588,Settle
1007060,Sevenoaks
1007061,Shaftesbury
1007062,Shawbury
1007063,Sheerness
9045029,Sheerness
1007064,Sheffield
9046361,Sheffield
9046363,Sheffield
9046364,Sheffield
9046368,Sheffield
9046369,Sheffield
9046365,Sheffield
9046366,Sheffield
9046357,Sheffield
9046389,Sheffield
9046388,Sheffield
9046277,Sheffield
9046390,Sheffield
9046360,Sheffield
9181000,Sheffield
9046432,Sheffield
9046359,Sheffield
9046338,Sheffield
9046356,Sheffield
9046372,Sheffield
9046371,Sheffield
9046370,Sheffield
9046387,Sheffield
9046379,Sheffield
9298291,Sheffield
9046358,Sheffield
9046362,Sheffield
9046353,Sheffield
9046354,Sheffield
9046349,Sheffield
9046350,Sheffield
9046351,Sheffield
9046352,Sheffield
9046276,Sheffield
9046340,Sheffield
9046341,Sheffield
9046346,Sheffield
9046347,Sheffield
9046348,Sheffield
9046339,Sheffield
9046367,Sheffield
9046386,Sheffield
9046274,Sheffield
9046355,Sheffield
9050377,Shefford
1007065,Shepperton
1007066,Shepreth
1007067,Shepshed
1007068,"Shepton Mallet"
9045671,"Shepton Mallet"
1007069,"Sherburn Village"
1007070,Shipley
9046693,Shipley
9046696,Shipley
1007071,Shipston-On-Stour
1007072,Shrewsbury
9046477,Shrewsbury
9045259,Shrewsbury
9046479,Shrewsbury
9046476,Shrewsbury
9046475,Shrewsbury
9073595,Shrewsbury
9073568,Shrewsbury
9045416,Shrewsbury
9073567,Shrewsbury
9073566,Shrewsbury
9073554,Shrewsbury
9046478,Shrewsbury
9045261,Shrewsbury
9045260,Shrewsbury
9073553,Shrewsbury
9045409,Shrewsbury
9073565,Shrewsbury
9045408,Shrewsbury
9045434,Shrewsbury
9046474,Shrewsbury
9045417,Shrewsbury
9045418,Shrewsbury
9045415,Shrewsbury
9045419,Shrewsbury
9073569,Shrewsbury
9041093,Shropshire
1007073,Sidmouth
1007074,Silchester
1007075,Silverstone
1007076,Sittingbourne
9045028,Sittingbourne
9045027,Sittingbourne
1007077,Skelmersdale
1007078,Skipton
9046587,Skipton
1007079,Sleaford
1007080,Slough
9046088,Slough
9046075,Slough
9046076,Slough
9046077,Slough
9046100,Slough
9046099,Slough
9046074,Slough
9046072,Slough
9046073,Slough
9046078,Slough
1007081,Smethwick
9045473,Smethwick
9045468,Smethwick
9045134,Snodland
9050378,Soham
1007082,Solihull
9045515,Solihull
9045526,Solihull
9045525,Solihull
9045519,Solihull
9045524,Solihull
1007083,Somercotes
9041101,Somerset
9050379,Somersham
1007084,Soulbury
1007085,"South Bank"
1007086,"South Cerney"
1007087,"South Mimms"
1007088,"South Tyneside"
9047019,"South West"
9041122,"South Yorkshire"
9045938,Southall
9046082,Southall
9046089,Southall
9045937,Southall
9046086,Southall
9046085,Southall
9045967,Southall
9045966,Southall
9046087,Southall
9046083,Southall
9046079,Southall
1007089,Southampton
9045800,Southampton
9045804,Southampton
9045701,Southampton
9045801,Southampton
9045802,Southampton
9045799,Southampton
9045730,Southampton
9045736,Southampton
9045737,Southampton
9045738,Southampton
9045739,Southampton
9045797,Southampton
9045790,Southampton
9045740,Southampton
9045699,Southampton
9045694,Southampton
9045697,Southampton
9045698,Southampton
9045798,Southampton
9045796,Southampton
9045700,Southampton
9073582,Southampton
9045803,Southampton
9045032,Southend
9045030,Southend
9045010,Southend
9045011,Southend
9045014,Southend
9045012,Southend
9045019,Southend
9045013,Southend
9045018,Southend
9045031,Southend
9045033,Southend
9045034,Southend
9045035,Southend
9045015,Southend
9045016,Southend
9045017,Southend
9045036,Southend
1007091,Southend
1007092,Southport
1007093,Southsea
1007094,Spalding
1007095,Spennymoor
1007096,Spilsby
1007097,"St Albans"
9046035,"St Albans"
9046034,"St Albans"
9046030,"St Albans"
9046031,"St Albans"
1007395,"St Andrews"
1007099,"St Austell"
1007100,"St Helens"
1007102,"St Neots"
1007103,Stafford
9041103,Staffordshire
1007104,Staines-Upon-Thames
1007105,Stalybridge
1007106,Stamford
9045971,Stanmore
1007107,"Stanstead Abbotts"
1007108,"Stansted Mountfitchet"
1007109,Stanwell
1007110,Stapleford
1007111,Staplehurst
1007112,Staverton
1007113,Stevenage
9046022,Stevenage
9181021,Stevenage
9044917,Stevenage
9044932,Stevenage
9046014,Stevenage
9046016,Stevenage
9073588,Stevenage
9073589,Stevenage
9046025,Stevenage
9046210,Stevenage
9046209,Stevenage
9046019,Stevenage
9073587,Stevenage
9046020,Stevenage
9046024,Stevenage
9046023,Stevenage
9046021,Stevenage
9044915,Stevenage
9044916,Stevenage
1007114,Steyning
9045814,Steyning
1007397,Stirling
1007115,Stock
1007116,Stockbridge
1007117,Stockley
1007118,Stockport
9046647,Stockport
9046437,Stockport
9046438,Stockport
9046435,Stockport
9046674,Stockport
9046650,Stockport
9046652,Stockport
9046651,Stockport
9046431,Stockport
9046646,Stockport
9046434,Stockport
9046433,Stockport
9046645,Stockport
9046644,Stockport
9046648,Stockport
9046436,Stockport
9046448,Stockport
9046449,Stockport
9046450,Stockport
1007119,Stockton-On-Tees
1007120,"Stoke Gifford"
1007122,"Stoke Poges"
1007121,Stoke-On-Trent
9046441,Stoke-On-Trent
9046430,Stoke-On-Trent
9073593,Stoke-On-Trent
9073592,Stoke-On-Trent
9046439,Stoke-On-Trent
9046426,Stoke-On-Trent
9046467,Stoke-On-Trent
9046470,Stoke-On-Trent
9046428,Stoke-On-Trent
9046429,Stoke-On-Trent
9045442,Stoke-On-Trent
9046440,Stoke-On-Trent
9046465,Stoke-On-Trent
9046466,Stoke-On-Trent
9046469,Stoke-On-Trent
9046468,Stoke-On-Trent
9046443,Stoke-On-Trent
9046442,Stoke-On-Trent
9046445,Stoke-On-Trent
9046444,Stoke-On-Trent
9073591,Stoke-On-Trent
1007123,Stokesley
9046841,Stonehaven
1007398,Stonehouse
1007124,"Stony Stratford"
1007399,Stornoway
9180707,Stornoway
9050380,Stotfold
1007125,Stourbridge
1007126,Stourport-On-Severn
1007127,Stowmarket
1007292,Strabane
1007128,Stratford-Upon-Avon
9180600,Strathdon
9045663,Street
9180783,Stromness
1007129,Stroud
1007130,Studley
9045548,Studley
1007131,Suffolk
1007132,Sunbury-On-Thames
1007133,Sunderland
9046770,Sunderland
9046760,Sunderland
9046761,Sunderland
9046763,Sunderland
9046766,Sunderland
9046769,Sunderland
9046759,Sunderland
9046758,Sunderland
1007134,Sunninghill
9041123,Surrey
1007135,Sutton
9045912,Sutton
9045857,Sutton
9045913,Sutton
9045911,Sutton
9045859,Sutton
9045870,Sutton
9045858,Sutton
9045502,"Sutton Coldfield"
9045501,"Sutton Coldfield"
9045505,"Sutton Coldfield"
9045506,"Sutton Coldfield"
1007137,"Sutton Courtenay"
1007138,Sutton-In-Ashfield
1007139,Swadlincote
1007140,Swallowfield
9045693,Swanage
1007141,Swanley
9044982,Swanley
1007142,Swanmore
1007460,Swansea
9045394,Swansea
9045387,Swansea
9045386,Swansea
9045385,Swansea
9045383,Swansea
9045403,Swansea
9045402,Swansea
9045404,Swansea
9181001,Swansea
9045391,Swansea
9045390,Swansea
9045398,Swansea
9045389,Swansea
9181002,Swansea
9045401,Swansea
9045399,Swansea
9045400,Swansea
9181003,Swansea
9181004,Swansea
9181005,Swansea
9181006,Swansea
9181007,Swansea
9045405,Swansea
9181008,Swansea
9181009,Swansea
9181010,Swansea
9045410,Swansea
9181011,Swansea
9181012,Swansea
9181013,Swansea
9181014,Swansea
9045407,Swansea
9045406,Swansea
9045393,Swansea
9045264,Swansea
9045262,Swansea
9181015,Swansea
9181016,Swansea
9181017,Swansea
9045265,Swansea
9181018,Swansea
9181019,Swansea
9181020,Swansea
9045267,Swansea
9045266,Swansea
9045263,Swansea
9045392,Swansea
9045388,Swansea
1007143,Swavesey
9050381,Swavesey
1007144,Swindon
9045596,Swindon
9045603,Swindon
9045602,Swindon
9045604,Swindon
9045609,Swindon
9045607,Swindon
9045605,Swindon
9045606,Swindon
9045594,Swindon
9045593,Swindon
9073577,Swindon
9045597,Swindon
9045595,Swindon
9045592,Swindon
9045591,Swindon
9045590,Swindon
9045600,Swindon
9045601,Swindon
1007145,Tadcaster
1007146,Tadworth
1007461,"Talbot Green"
1007147,Tamworth
9045511,Tamworth
9045509,Tamworth
9045510,Tamworth
1007400,Tarbert
1007401,Tarfside
1007148,Tattenhall
1007149,Taunton
9045348,Taunton
9045662,Taunton
9045664,Taunton
9045665,Taunton
9045690,Taunton
9073579,Taunton
9073578,Taunton
9073580,Taunton
9073581,Taunton
9045689,Taunton
9045691,Taunton
9045350,Taunton
9045336,Taunton
9045338,Taunton
9073564,Taunton
9045347,Taunton
9045346,Taunton
9073563,Taunton
9045345,Taunton
9045349,Taunton
9045351,Taunton
9045661,Taunton
9045658,Taunton
9045659,Taunton
1007150,Teddington
1007151,Telford
9046473,Telford
9046471,Telford
9045435,Telford
9073572,Telford
9045433,Telford
9046472,Telford
9045438,Telford
9045437,Telford
9073594,Telford
9073570,Telford
9045436,Telford
9073571,Telford
9046464,Telford
1007152,Templecombe
9180608,Templecombe
1007462,Tenby
1007153,Tetbury
1007154,Tewkesbury
1007155,Thame
1007156,"Thames Ditton"
1007157,"Thanet District"
1007158,Thatcham
1007136,"Sutton Coldfield"
1007159,Theale
1007160,Thetford
1007161,Thirsk
1007162,Thornbury
1007163,Thorpe-Le-Soken
1007164,Thrapston
1007165,Thurrock
1007166,Tilbury
1007167,Tipton
1007168,Tiptree
1007169,Titchfield
1007170,Tiverton
1007171,Tonbridge
1007172,Torbay
1007173,Torquay
9045327,Torquay
9045318,Torquay
9073562,Torquay
9045321,Torquay
9045303,Torquay
9045324,Torquay
9045323,Torquay
9045322,Torquay
9045328,Torquay
9045329,Torquay
9045330,Torquay
9045315,Torquay
9073561,Torquay
9045316,Torquay
9050382,Totton
1007174,"Totton And Eling"
1007175,Towcester
1007176,Tranmere
1007177,Tring
9046060,Tring
1007402,Trinity
1007178,Trowbridge
9045610,Trowbridge
1007179,Truro
9045279,Truro
9045282,Truro
9045283,Truro
9045272,Truro
9045273,Truro
9045274,Truro
9045281,Truro
9045280,Truro
9073556,Truro
9073555,Truro
9045268,Truro
9181024,Truro
9045269,Truro
9073548,Truro
9073549,Truro
9073550,Truro
9073551,Truro
9073552,Truro
9045270,Truro
9045271,Truro
9061007,Truro
9045278,Truro
9073559,Truro
9073560,Truro
9045277,Truro
9073557,Truro
9073558,Truro
9045140,Tunbridge
9073546,Tunbridge
9045142,Tunbridge
9045127,Tunbridge
9045144,Tunbridge
9044983,Tunbridge
9044997,Tunbridge
9045146,Tunbridge
9045125,Tunbridge
9045126,Tunbridge
9073543,Tunbridge
9045139,Tunbridge
9045138,Tunbridge
9045124,Tunbridge
9045152,Tunbridge
9045113,Tunbridge
9045114,Tunbridge
9045108,Tunbridge
9045110,Tunbridge
9045112,Tunbridge
9073541,Tunbridge
9073540,Tunbridge
9045135,Tunbridge
9045115,Tunbridge
9045116,Tunbridge
9045123,Tunbridge
9045121,Tunbridge
9045120,Tunbridge
9073544,Tunbridge
9073545,Tunbridge
9073542,Tunbridge
9045119,Tunbridge
9045117,Tunbridge
9045141,Tunbridge
9045118,Tunbridge
9045136,Tunbridge
9045137,Tunbridge
9073547,Tunbridge
9045145,Tunbridge
9045143,Tunbridge
9046844,Turriff
1007180,Tuxford
9045929,Twickenham
9045927,Twickenham
9045926,Twickenham
9045925,Twickenham
9045932,Twickenham
9046094,Twickenham
9046093,Twickenham
9046096,Twickenham
9046095,Twickenham
9046092,Twickenham
9046090,Twickenham
9045931,Twickenham
9046091,Twickenham
9045934,Twickenham
9045933,Twickenham
9045936,Twickenham
9045935,Twickenham
9045930,Twickenham
9045942,Twickenham
9045928,Twickenham
9041124,"Tyne And Wear"
1007463,Tywyn
1007181,Uckfield
1007403,Uddingston
1007404,Uig
1007405,Ullapool
1007182,"Upper Heyford"
1007183,Uppingham
1007184,Uttoxeter
9045704,Verwood
1007185,"Virginia Water"
1007186,Wadhurst
1007187,"Wainfleet All Saints"
1007188,Wakefield
9046342,Wakefield
9046299,Wakefield
9046285,Wakefield
9046332,Wakefield
9046331,Wakefield
9046333,Wakefield
9046682,Wakefield
9073596,Wakefield
9046330,Wakefield
9046334,Wakefield
9046324,Wakefield
9046336,Wakefield
9046335,Wakefield
9046343,Wakefield
9046344,Wakefield
9046284,Wakefield
9046345,Wakefield
1007189,Wallasey
1007190,Wallingford
1007191,Wallington
1007192,Walsall
9045477,Walsall
9045476,Walsall
9045486,Walsall
9045489,Walsall
9045508,Walsall
9045492,Walsall
9046427,Walsall
9045478,Walsall
9045488,Walsall
9073575,Walsall
9045494,Walsall
9045487,Walsall
9045491,Walsall
9045490,Walsall
9045493,Walsall
1007193,"Waltham Cross"
1007194,"Walton Le Dale"
1007195,Walton
1007196,Wantage
1007197,Wardley
1007198,Ware
9045685,Wareham
1007199,Warminster
9045673,Warminster
1007200,Warrington
9046506,Warrington
9046543,Warrington
9046513,Warrington
9046511,Warrington
9046456,Warrington
9046455,Warrington
9046454,Warrington
9046452,Warrington
9046508,Warrington
9046507,Warrington
9046505,Warrington
9046509,Warrington
9046499,Warrington
9046501,Warrington
9046500,Warrington
9046510,Warrington
1007201,Warwick
9041125,Warwickshire
1007202,Washington
1007203,Waterlooville
1007204,Watford
9046037,Watford
9046080,Watford
9045974,Watford
9045973,Watford
9045976,Watford
9045975,Watford
9046042,Watford
9046038,Watford
9046036,Watford
9045972,Watford
9045977,Watford
1007205,Watton
1007206,Weaverham
9045660,Wedmore
1007207,Wednesbury
1007208,Wellingborough
9045668,Wells
1007209,Welwyn
9046018,Welwyn
9046017,Welwyn
9046032,Welwyn
1007210,Wembley
9045965,Wembley
9045964,Wembley
1007211,Wendover
1007212,"West Bromwich"
9045472,"West Bromwich"
9045474,"West Bromwich"
1007213,"West Kirby"
1007406,"West Lothian"
1007214,"West Malling"
9041126,"West Midlands"
1007215,"West Moors"
9041127,"West Sussex"
9044979,"West Wickham"
9041128,"West Yorkshire"
9045726,Westbury
1007216,Westcliff-On-Sea
1007217,Westerham
9046838,Westhill
1007218,Westhoughton
9072497,Westminster
1007219,Weston-Super-Mare
1007220,Wetherby
1007221,Weybridge
1007222,Weymouth
1007223,Wheathampstead
1007224,Whitchurch
9072495,Whitechapel
1007225,Whitehaven
1007226,Whitstable
9047004,Wick
1007227,Wicken
1007228,Wickford
1007229,Widnes
1007230,Wigan
9046531,Wigan
9046516,Wigan
9046515,Wigan
9046512,Wigan
9046514,Wigan
9046530,Wigan
9046518,Wigan
9046532,Wigan
1007231,Willenhall
9050383,Willerby
1007232,Willersey
1007233,Willingham
1007234,Wilmslow
9041089,Wiltshire
9072500,Wimbledon
9045705,Wimborne
1007235,"Wimborne Minster"
1007236,Winchcombe
1007237,Winchester
1007238,Windermere
1007239,Windsor
1007240,Wingerworth
1007241,Winnersh
9180612,Winscombe
1007242,Winsford
1007243,Witham
1007244,Withington
1007245,Witney
1007246,Woking
1007247,Wokingham
1007248,Wollaston
1007249,Wolverhampton
9045483,Wolverhampton
9045485,Wolverhampton
9045482,Wolverhampton
9045479,Wolverhampton
9045480,Wolverhampton
9045481,Wolverhampton
9073573,Wolverhampton
9045432,Wolverhampton
9045484,Wolverhampton
9045444,Wolverhampton
9045445,Wolverhampton
9045443,Wolverhampton
9045439,Wolverhampton
9045440,Wolverhampton
9045441,Wolverhampton
9073574,Wolverhampton
1007250,Wombourne
1007251,Wombwell
1007252,Woodbridge
9050384,Woodford
1007253,Woodley
9050385,Woodley
1007254,Woodside
9072494,Woolwich
1007256,Worcester
9045568,Worcester
9045561,Worcester
9045560,Worcester
9073576,Worcester
9045428,Worcester
9045429,Worcester
9045423,Worcester
9045569,Worcester
9045565,Worcester
9045566,Worcester
9045567,Worcester
9045427,Worcester
9045550,Worcester
9045563,Worcester
9045564,Worcester
9041129,Worcestershire
1007257,Workington
1007258,Worksop
9072511,Worsley
1007259,Worthing
9045819,Worthing
9045821,Worthing
9045820,Worthing
9045818,Worthing
1007260,Wotton-Under-Edge
1007464,Wrexham
9046482,Wrexham
9046481,Wrexham
9046480,Wrexham
9045256,Wrexham
9045253,Wrexham
9180811,Wrexham
9045254,Wrexham
9045243,Wrexham
9045258,Wrexham
9180812,Wrexham
9045249,Wrexham
9045257,Wrexham
9045248,Wrexham
9180813,Wrexham
9180814,Wrexham
9180815,Wrexham
9045250,Wrexham
9045252,Wrexham
9045244,Wrexham
9061004,Wrexham
9045251,Wrexham
9180816,Wrexham
9180817,Wrexham
9180818,Wrexham
9180819,Wrexham
9180820,Wrexham
9180821,Wrexham
9180822,Wrexham
9180823,Wrexham
9045247,Wrexham
9180824,Wrexham
9180825,Wrexham
9180826,Wrexham
9180827,Wrexham
9180828,Wrexham
9180829,Wrexham
9180830,Wrexham
9180831,Wrexham
9180832,Wrexham
9180833,Wrexham
9180834,Wrexham
9045246,Wrexham
9045245,Wrexham
9180835,Wrexham
9180836,Wrexham
9180837,Wrexham
9180838,Wrexham
9180839,Wrexham
9180840,Wrexham
9045240,Wrexham
9180841,Wrexham
9180842,Wrexham
9180843,Wrexham
9180844,Wrexham
9180845,Wrexham
9180846,Wrexham
9180847,Wrexham
9180848,Wrexham
9180849,Wrexham
9045241,Wrexham
9180850,Wrexham
1007261,Wymondham
1007262,Yalding
1007263,Yarm
1007264,Yateley
1007265,Yeovil
9045680,Yeovil
9045679,Yeovil
9045666,Yeovil
1007266,York
9061008,York
9046291,York
9046826,York
9046825,York
9073605,York
9046827,York
9046248,York
9046249,York
9046262,York
9046812,York
9046288,York
9046813,York
9073604,York
9046292,York
9046293,York
9046250,York
9046294,York
9046295,York
9046290,York
9046289,York
9046263,York
9046261,York
9046260,York
9046306,York
9073590,York
9046296,York
9046811,York
9046809,York
9046286,York
9047021,Yorkshire
1007465,"Ystrad Mynach"
